"0. 2025-02-25 01:25:31 - min list after correction: Value - [1261.7269867061525, 'X', -35, -35, -25, 1, <NXOpen.Matrix3x3 object at 0x000001D570F7C990>]"
"1. 2025-02-25 01:28:44 - min list after correction: Value - [1261.7269867061525, 'X', -35, -35, -25, 1, <NXOpen.Matrix3x3 object at 0x000001D576705990>]"
"2. 2025-02-25 01:31:33 - min list after correction: Value - [1261.7269867061525, 'X', -35, -40, -20, 1, <NXOpen.Matrix3x3 object at 0x000001D570F8BB10>]"
"3. 2025-02-25 18:47:23 - min list after correction: Value - [1261.7269867061525, 'X', -35, -37, -23, 1, <NXOpen.Matrix3x3 object at 0x0000027E24A57F30>]"
"4. 2025-02-25 18:56:26 - info: Value - Normal vector: 0.7071067811865476, 0.7071067811865476, 0.0"
"5. 2025-02-25 19:03:47 - info: Value - [X=0.70710678118654757,Y=0.70710678118654757,Z=0]"
"6. 2025-02-25 19:06:43 - info: Value - ('12', 2, 5)"
7. 2025-02-25 19:08:12 - info: Value - 45.0
"8. 2025-02-25 19:08:12 - info: Value - [X=0.70710678118654757,Y=0.70710678118654757,Z=0]"
"9. 2025-02-25 19:31:46 - origin: Value - [X=0,Y=0,Z=0]"
10. 2025-02-25 19:31:49 - info: Value - 14.0
"11. 2025-02-25 19:39:19 - origin: Value - [X=0,Y=0,Z=0]"
12. 2025-02-25 19:39:23 - info: Value - 14.0
"13. 2025-02-25 19:39:23 - newOrigin: Value - (2.4192189559966772, 9.702957262759965, 0.0)"
"14. 2025-02-25 19:39:26 - origin: Value - [X=0,Y=0,Z=0]"
15. 2025-02-25 19:39:28 - info: Value - 12.0
"16. 2025-02-25 19:39:28 - newOrigin: Value - (2.0791169081775935, 9.781476007338057, 0.0)"
"17. 2025-02-25 19:42:35 - newOrigin: Value - [X=8.4254103241286753,Y=11.1808971406621,Z=0]"
"18. 2025-02-25 19:44:46 - newOrigin: Value - [X=4.8063084796915945,Y=0,Z=1.3781867790849958]"
"19. 2025-02-25 19:52:28 - newOrigin: Value - [X=0,Y=-5.1763809020504148,Z=-19.318516525781366]"
"20. 2025-02-25 19:52:44 - newOrigin: Value - [X=0,Y=44.147379642946341,Z=23.473578139294542]"
"21. 2025-02-25 19:53:53 - newOrigin: Value - [X=3.4729635533386065,Y=19.696155060244159,Z=0]"
"22. 2025-02-25 19:59:37 - newOrigin: Value - [X=0,Y=16.773411358908483,Z=-10.892780700300541]"
"23. 2025-02-25 20:02:04 - newOrigin: Value - [X=0,Y=0,Z=15]"
"24. 2025-02-25 20:02:29 - newOrigin: Value - [X=0,Y=10,Z=0]"
"25. 2025-02-25 20:06:39 - newOrigin: Value - [X=0,Y=15,Z=0]"
"26. 2025-02-25 20:16:55 - sections area:: Value - [1858.1241427083776, 3978.3355311864348, 5596.884115188111]"
"27. 2025-02-25 20:23:41 - min list after correction: Value - [1337.6140898476253, 'X', -32, -37, -23, 1, <NXOpen.Matrix3x3 object at 0x0000027E0A220C90>]"
"28. 2025-02-25 20:25:07 - min list after correction: Value - [1337.6140898476253, 'X', -32, -37, -23, 1, <NXOpen.Matrix3x3 object at 0x0000027E0A220810>]"
"29. 2025-02-25 21:01:27 - newOrigin: Value - [X=0,Y=0,Z=0]"
"30. 2025-02-25 21:01:28 - newOrigin: Value - [X=0,Y=1,Z=0]"
"31. 2025-02-25 21:01:29 - newOrigin: Value - [X=0,Y=2,Z=0]"
"32. 2025-02-25 21:01:30 - newOrigin: Value - [X=0,Y=3,Z=0]"
"33. 2025-02-25 21:01:31 - newOrigin: Value - [X=0,Y=4,Z=0]"
"34. 2025-02-25 21:01:32 - newOrigin: Value - [X=0,Y=5,Z=0]"
"35. 2025-02-25 21:01:33 - newOrigin: Value - [X=0,Y=6,Z=0]"
"36. 2025-02-25 21:01:34 - newOrigin: Value - [X=0,Y=7,Z=0]"
"37. 2025-02-25 21:01:35 - newOrigin: Value - [X=0,Y=8,Z=0]"
"38. 2025-02-25 21:01:36 - newOrigin: Value - [X=0,Y=9,Z=0]"
"39. 2025-02-25 21:01:37 - newOrigin: Value - [X=0,Y=10,Z=0]"
"40. 2025-02-25 21:01:38 - newOrigin: Value - [X=0,Y=11,Z=0]"
"41. 2025-02-25 21:01:39 - newOrigin: Value - [X=0,Y=12,Z=0]"
"42. 2025-02-25 21:01:40 - newOrigin: Value - [X=0,Y=13,Z=0]"
"43. 2025-02-25 21:01:41 - newOrigin: Value - [X=0,Y=14,Z=0]"
"44. 2025-02-25 21:01:53 - newOrigin: Value - [X=0,Y=0,Z=0]"
"45. 2025-02-25 21:01:54 - newOrigin: Value - [X=0,Y=1,Z=0]"
"46. 2025-02-25 21:01:55 - newOrigin: Value - [X=0,Y=2,Z=0]"
"47. 2025-02-25 21:01:56 - newOrigin: Value - [X=0,Y=3,Z=0]"
"48. 2025-02-25 21:01:57 - newOrigin: Value - [X=0,Y=4,Z=0]"
"49. 2025-02-25 21:01:58 - newOrigin: Value - [X=0,Y=5,Z=0]"
"50. 2025-02-25 21:01:59 - newOrigin: Value - [X=0,Y=6,Z=0]"
"51. 2025-02-25 21:02:00 - newOrigin: Value - [X=0,Y=7,Z=0]"
"52. 2025-02-25 21:02:01 - newOrigin: Value - [X=0,Y=8,Z=0]"
"53. 2025-02-25 21:02:02 - newOrigin: Value - [X=0,Y=9,Z=0]"
"54. 2025-02-25 21:02:03 - newOrigin: Value - [X=0,Y=10,Z=0]"
"55. 2025-02-25 21:02:04 - newOrigin: Value - [X=0,Y=11,Z=0]"
"56. 2025-02-25 21:02:05 - newOrigin: Value - [X=0,Y=12,Z=0]"
"57. 2025-02-25 21:02:06 - newOrigin: Value - [X=0,Y=13,Z=0]"
"58. 2025-02-25 21:02:07 - newOrigin: Value - [X=0,Y=14,Z=0]"
"59. 2025-02-25 21:02:43 - newOrigin: Value - [X=0,Y=0,Z=0]"
"60. 2025-02-25 21:02:43 - newOrigin: Value - [X=0,Y=1,Z=0]"
"61. 2025-02-25 21:02:44 - newOrigin: Value - [X=0,Y=2,Z=0]"
"62. 2025-02-25 21:02:44 - newOrigin: Value - [X=0,Y=3,Z=0]"
"63. 2025-02-25 21:02:45 - newOrigin: Value - [X=0,Y=4,Z=0]"
"64. 2025-02-25 21:02:46 - newOrigin: Value - [X=0,Y=5,Z=0]"
"65. 2025-02-25 21:02:46 - newOrigin: Value - [X=0,Y=6,Z=0]"
"66. 2025-02-25 21:02:47 - newOrigin: Value - [X=0,Y=7,Z=0]"
"67. 2025-02-25 21:02:47 - newOrigin: Value - [X=0,Y=8,Z=0]"
"68. 2025-02-25 21:02:48 - newOrigin: Value - [X=0,Y=9,Z=0]"
"69. 2025-02-25 21:02:48 - newOrigin: Value - [X=0,Y=10,Z=0]"
"70. 2025-02-25 21:02:49 - newOrigin: Value - [X=0,Y=11,Z=0]"
"71. 2025-02-25 21:02:49 - newOrigin: Value - [X=0,Y=12,Z=0]"
"72. 2025-02-25 21:02:50 - newOrigin: Value - [X=0,Y=13,Z=0]"
"73. 2025-02-25 21:02:50 - newOrigin: Value - [X=0,Y=14,Z=0]"
"74. 2025-02-25 21:03:07 - newOrigin: Value - [X=0,Y=0,Z=0]"
"75. 2025-02-25 21:03:07 - newOrigin: Value - [X=-0.25881904510252074,Y=0.96592582628906831,Z=0]"
"76. 2025-02-25 21:03:08 - newOrigin: Value - [X=-0.51763809020504148,Y=1.9318516525781366,Z=0]"
"77. 2025-02-25 21:03:08 - newOrigin: Value - [X=-0.77645713530756222,Y=2.897777478867205,Z=0]"
"78. 2025-02-25 21:03:09 - newOrigin: Value - [X=-1.035276180410083,Y=3.8637033051562732,Z=0]"
"79. 2025-02-25 21:03:09 - newOrigin: Value - [X=-1.2940952255126037,Y=4.8296291314453415,Z=0]"
"80. 2025-02-25 21:03:10 - newOrigin: Value - [X=-1.5529142706151244,Y=5.7955549577344101,Z=0]"
"81. 2025-02-25 21:03:10 - newOrigin: Value - [X=-1.8117333157176452,Y=6.7614807840234779,Z=0]"
"82. 2025-02-25 21:03:11 - newOrigin: Value - [X=-2.0705523608201659,Y=7.7274066103125465,Z=0]"
"83. 2025-02-25 21:03:11 - newOrigin: Value - [X=-2.3293714059226867,Y=8.6933324366016151,Z=0]"
"84. 2025-02-25 21:03:12 - newOrigin: Value - [X=-2.5881904510252074,Y=9.6592582628906829,Z=0]"
"85. 2025-02-25 21:03:12 - newOrigin: Value - [X=-2.8470094961277281,Y=10.625184089179751,Z=0]"
"86. 2025-02-25 21:03:13 - newOrigin: Value - [X=-3.1058285412302489,Y=11.59110991546882,Z=0]"
"87. 2025-02-25 21:03:13 - newOrigin: Value - [X=-3.3646475863327696,Y=12.557035741757888,Z=0]"
"88. 2025-02-25 21:03:14 - newOrigin: Value - [X=-3.6234666314352904,Y=13.522961568046956,Z=0]"
"89. 2025-02-25 21:03:23 - newOrigin: Value - [X=0,Y=0,Z=0]"
"90. 2025-02-25 21:03:23 - newOrigin: Value - [X=-0.57357643635104605,Y=0.8191520442889918,Z=0]"
"91. 2025-02-25 21:03:24 - newOrigin: Value - [X=-1.1471528727020921,Y=1.6383040885779836,Z=0]"
"92. 2025-02-25 21:03:24 - newOrigin: Value - [X=-1.7207293090531381,Y=2.4574561328669753,Z=0]"
"93. 2025-02-25 21:03:25 - newOrigin: Value - [X=-2.2943057454041842,Y=3.2766081771559672,Z=0]"
"94. 2025-02-25 21:03:25 - newOrigin: Value - [X=-2.8678821817552302,Y=4.0957602214449587,Z=0]"
"95. 2025-02-25 21:03:26 - newOrigin: Value - [X=-3.4414586181062763,Y=4.9149122657339506,Z=0]"
"96. 2025-02-25 21:03:26 - newOrigin: Value - [X=-4.0150350544573223,Y=5.7340643100229425,Z=0]"
"97. 2025-02-25 21:03:27 - newOrigin: Value - [X=-4.5886114908083684,Y=6.5532163543119344,Z=0]"
"98. 2025-02-25 21:03:27 - newOrigin: Value - [X=-5.1621879271594144,Y=7.3723683986009263,Z=0]"
"99. 2025-02-25 21:03:28 - newOrigin: Value - [X=-5.7357643635104605,Y=8.1915204428899173,Z=0]"
"100. 2025-02-25 21:03:28 - newOrigin: Value - [X=-6.3093407998615065,Y=9.0106724871789101,Z=0]"
"101. 2025-02-25 21:03:29 - newOrigin: Value - [X=-6.8829172362125526,Y=9.8298245314679011,Z=0]"
"102. 2025-02-25 21:03:29 - newOrigin: Value - [X=-7.4564936725635986,Y=10.648976575756894,Z=0]"
"103. 2025-02-25 21:03:30 - newOrigin: Value - [X=-8.0300701089146447,Y=11.468128620045885,Z=0]"
"104. 2025-02-25 21:09:16 - newOrigin: Value - [X=0,Y=0,Z=0]"
"105. 2025-02-25 21:09:26 - newOrigin: Value - [X=-0.42261826174069944,Y=0.90630778703664994,Z=0]"
"106. 2025-02-25 21:09:35 - newOrigin: Value - [X=-0.84523652348139888,Y=1.8126155740732999,Z=0]"
"107. 2025-02-25 21:09:45 - newOrigin: Value - [X=-1.2678547852220983,Y=2.7189233611099497,Z=0]"
"108. 2025-02-25 21:09:55 - newOrigin: Value - [X=-1.6904730469627978,Y=3.6252311481465997,Z=0]"
"109. 2025-02-25 21:10:04 - newOrigin: Value - [X=-2.1130913087034973,Y=4.5315389351832494,Z=0]"
"110. 2025-02-25 21:10:14 - newOrigin: Value - [X=-2.5357095704441965,Y=5.4378467222198994,Z=0]"
"111. 2025-02-25 21:10:24 - newOrigin: Value - [X=-2.9583278321848963,Y=6.3441545092565494,Z=0]"
"112. 2025-02-25 21:10:33 - newOrigin: Value - [X=-3.3809460939255955,Y=7.2504622962931995,Z=0]"
"113. 2025-02-25 21:10:43 - newOrigin: Value - [X=-3.8035643556662948,Y=8.1567700833298495,Z=0]"
"114. 2025-02-25 21:10:53 - newOrigin: Value - [X=-4.2261826174069945,Y=9.0630778703664987,Z=0]"
"115. 2025-02-25 21:11:02 - newOrigin: Value - [X=-4.6488008791476938,Y=9.9693856574031496,Z=0]"
"116. 2025-02-25 21:11:12 - newOrigin: Value - [X=-5.0714191408883931,Y=10.875693444439799,Z=0]"
"117. 2025-02-25 21:11:22 - newOrigin: Value - [X=-5.4940374026290923,Y=11.78200123147645,Z=0]"
"118. 2025-02-25 21:11:31 - newOrigin: Value - [X=-5.9166556643697925,Y=12.688309018513099,Z=0]"
"119. 2025-02-25 21:11:58 - newOrigin: Value - [X=0,Y=0,Z=0]"
"120. 2025-02-25 21:11:58 - newOrigin: Value - [X=-0.49999999999999994,Y=0.86602540378443871,Z=0]"
"121. 2025-02-25 21:11:59 - newOrigin: Value - [X=-0.99999999999999989,Y=1.7320508075688774,Z=0]"
"122. 2025-02-25 21:11:59 - newOrigin: Value - [X=-1.4999999999999998,Y=2.598076211353316,Z=0]"
"123. 2025-02-25 21:12:00 - newOrigin: Value - [X=-1.9999999999999998,Y=3.4641016151377548,Z=0]"
"124. 2025-02-25 21:12:01 - newOrigin: Value - [X=-2.4999999999999996,Y=4.3301270189221936,Z=0]"
"125. 2025-02-25 21:12:01 - newOrigin: Value - [X=-2.9999999999999996,Y=5.196152422706632,Z=0]"
"126. 2025-02-25 21:12:02 - newOrigin: Value - [X=-3.4999999999999996,Y=6.0621778264910713,Z=0]"
"127. 2025-02-25 21:12:02 - newOrigin: Value - [X=-3.9999999999999996,Y=6.9282032302755097,Z=0]"
"128. 2025-02-25 21:12:03 - newOrigin: Value - [X=-4.4999999999999991,Y=7.794228634059948,Z=0]"
"129. 2025-02-25 21:12:03 - newOrigin: Value - [X=-4.9999999999999991,Y=8.6602540378443873,Z=0]"
"130. 2025-02-25 21:12:04 - newOrigin: Value - [X=-5.4999999999999991,Y=9.5262794416288266,Z=0]"
"131. 2025-02-25 21:12:04 - newOrigin: Value - [X=-5.9999999999999991,Y=10.392304845413264,Z=0]"
"132. 2025-02-25 21:12:05 - newOrigin: Value - [X=-6.4999999999999991,Y=11.258330249197703,Z=0]"
"133. 2025-02-25 21:12:05 - newOrigin: Value - [X=-6.9999999999999991,Y=12.124355652982143,Z=0]"
"134. 2025-02-25 21:13:00 - newOrigin: Value - [X=0,Y=0,Z=0]"
"135. 2025-02-25 21:13:00 - newOrigin: Value - [X=-2.6495963211660243,Y=4.2402404807821297,Z=0]"
"136. 2025-02-25 21:13:01 - newOrigin: Value - [X=-5.2991926423320486,Y=8.4804809615642593,Z=0]"
"137. 2025-02-25 21:13:01 - newOrigin: Value - [X=-7.9487889634980737,Y=12.72072144234639,Z=0]"
"138. 2025-02-25 21:13:02 - newOrigin: Value - [X=-10.598385284664097,Y=16.960961923128519,Z=0]"
"139. 2025-02-25 21:13:02 - newOrigin: Value - [X=-13.247981605830123,Y=21.201202403910649,Z=0]"
"140. 2025-02-25 21:13:03 - newOrigin: Value - [X=-15.897577926996147,Y=25.44144288469278,Z=0]"
"141. 2025-02-25 21:13:03 - newOrigin: Value - [X=-18.547174248162172,Y=29.681683365474907,Z=0]"
"142. 2025-02-25 21:13:23 - newOrigin: Value - [X=0,Y=0,Z=0]"
"143. 2025-02-25 21:13:24 - newOrigin: Value - [X=-2.8678821817552302,Y=4.0957602214449587,Z=0]"
"144. 2025-02-25 21:13:24 - newOrigin: Value - [X=-5.7357643635104605,Y=8.1915204428899173,Z=0]"
"145. 2025-02-25 21:13:25 - newOrigin: Value - [X=-8.6036465452656898,Y=12.287280664334878,Z=0]"
"146. 2025-02-25 21:13:25 - newOrigin: Value - [X=-11.471528727020921,Y=16.383040885779835,Z=0]"
"147. 2025-02-25 21:13:26 - newOrigin: Value - [X=-14.339410908776152,Y=20.478801107224793,Z=0]"
"148. 2025-02-25 21:13:26 - newOrigin: Value - [X=-17.20729309053138,Y=24.574561328669756,Z=0]"
"149. 2025-02-25 21:13:27 - newOrigin: Value - [X=-20.075175272286611,Y=28.670321550114714,Z=0]"
"150. 2025-02-25 21:13:28 - newOrigin: Value - [X=-22.943057454041842,Y=32.766081771559669,Z=0]"
"151. 2025-02-25 21:13:28 - newOrigin: Value - [X=-25.810939635797073,Y=36.861841993004631,Z=0]"
"152. 2025-02-25 21:13:29 - newOrigin: Value - [X=-28.678821817552304,Y=40.957602214449587,Z=0]"
"153. 2025-02-25 21:13:29 - newOrigin: Value - [X=-31.546703999307532,Y=45.053362435894549,Z=0]"
"154. 2025-02-25 21:13:57 - newOrigin: Value - [X=0,Y=0,Z=0]"
"155. 2025-02-25 21:13:57 - newOrigin: Value - [X=-4.9999999999999991,Y=8.6602540378443873,Z=0]"
"156. 2025-02-25 21:13:58 - newOrigin: Value - [X=-9.9999999999999982,Y=17.320508075688775,Z=0]"
"157. 2025-02-25 21:13:58 - newOrigin: Value - [X=-14.999999999999998,Y=25.98076211353316,Z=0]"
"158. 2025-02-25 21:13:59 - newOrigin: Value - [X=-19.999999999999996,Y=34.641016151377549,Z=0]"
"159. 2025-02-25 21:13:59 - newOrigin: Value - [X=-24.999999999999996,Y=43.301270189221938,Z=0]"
"160. 2025-02-25 21:14:00 - newOrigin: Value - [X=-29.999999999999996,Y=51.96152422706632,Z=0]"
"161. 2025-02-25 21:14:00 - newOrigin: Value - [X=-34.999999999999993,Y=60.621778264910709,Z=0]"
"162. 2025-02-25 21:14:01 - newOrigin: Value - [X=-39.999999999999993,Y=69.282032302755098,Z=0]"
"163. 2025-02-25 21:14:01 - newOrigin: Value - [X=-44.999999999999993,Y=77.94228634059948,Z=0]"
"164. 2025-02-25 21:14:02 - newOrigin: Value - [X=-49.999999999999993,Y=86.602540378443877,Z=0]"
"165. 2025-02-25 21:14:03 - newOrigin: Value - [X=-54.999999999999993,Y=95.262794416288259,Z=0]"
"166. 2025-02-25 21:14:03 - newOrigin: Value - [X=-59.999999999999993,Y=103.92304845413264,Z=0]"
"167. 2025-02-25 21:14:04 - newOrigin: Value - [X=-64.999999999999986,Y=112.58330249197704,Z=0]"
"168. 2025-02-25 21:14:04 - newOrigin: Value - [X=-69.999999999999986,Y=121.24355652982142,Z=0]"
"169. 2025-02-25 21:14:05 - newOrigin: Value - [X=-74.999999999999986,Y=129.9038105676658,Z=0]"
"170. 2025-02-25 21:14:05 - newOrigin: Value - [X=-79.999999999999986,Y=138.5640646055102,Z=0]"
"171. 2025-02-25 21:14:06 - newOrigin: Value - [X=-84.999999999999986,Y=147.22431864335459,Z=0]"
"172. 2025-02-25 21:14:06 - newOrigin: Value - [X=-89.999999999999986,Y=155.88457268119896,Z=0]"
"173. 2025-02-25 21:14:07 - newOrigin: Value - [X=-94.999999999999986,Y=164.54482671904336,Z=0]"
"174. 2025-02-25 21:16:31 - newOrigin: Value - [X=0,Y=0,Z=0]"
"175. 2025-02-25 21:16:32 - newOrigin: Value - [X=8.1915204428899173,Y=5.7357643635104605,Z=0]"
"176. 2025-02-25 21:16:32 - newOrigin: Value - [X=16.383040885779835,Y=11.471528727020921,Z=0]"
"177. 2025-02-25 21:16:33 - newOrigin: Value - [X=24.574561328669756,Y=17.20729309053138,Z=0]"
"178. 2025-02-25 21:16:33 - newOrigin: Value - [X=32.766081771559669,Y=22.943057454041842,Z=0]"
"179. 2025-02-25 21:16:34 - newOrigin: Value - [X=40.957602214449587,Y=28.678821817552304,Z=0]"
"180. 2025-02-25 21:16:35 - newOrigin: Value - [X=49.149122657339511,Y=34.414586181062759,Z=0]"
"181. 2025-02-25 21:16:35 - newOrigin: Value - [X=57.340643100229428,Y=40.150350544573222,Z=0]"
"182. 2025-02-25 21:16:36 - newOrigin: Value - [X=65.532163543119339,Y=45.886114908083684,Z=0]"
"183. 2025-02-25 21:16:36 - newOrigin: Value - [X=73.723683986009263,Y=51.621879271594146,Z=0]"
"184. 2025-02-25 21:16:37 - newOrigin: Value - [X=81.915204428899173,Y=57.357643635104608,Z=0]"
"185. 2025-02-25 21:16:37 - newOrigin: Value - [X=90.106724871789098,Y=63.093407998615064,Z=0]"
"186. 2025-02-25 21:16:38 - newOrigin: Value - [X=98.298245314679022,Y=68.829172362125519,Z=0]"
"187. 2025-02-25 21:16:38 - newOrigin: Value - [X=106.48976575756893,Y=74.564936725635988,Z=0]"
"188. 2025-02-25 21:16:39 - newOrigin: Value - [X=114.68128620045886,Y=80.300701089146443,Z=0]"
"189. 2025-02-25 21:16:39 - newOrigin: Value - [X=122.87280664334877,Y=86.036465452656913,Z=0]"
"190. 2025-02-25 21:16:40 - newOrigin: Value - [X=131.06432708623868,Y=91.772229816167368,Z=0]"
"191. 2025-02-25 21:16:40 - newOrigin: Value - [X=139.2558475291286,Y=97.507994179677823,Z=0]"
"192. 2025-02-25 21:16:41 - newOrigin: Value - [X=147.44736797201853,Y=103.24375854318829,Z=0]"
"193. 2025-02-25 21:16:41 - newOrigin: Value - [X=155.63888841490845,Y=108.97952290669875,Z=0]"
"194. 2025-02-25 21:17:16 - newOrigin: Value - [X=0,Y=0,Z=0]"
"195. 2025-02-25 21:17:16 - newOrigin: Value - [X=0.8191520442889918,Y=0.57357643635104605,Z=0]"
"196. 2025-02-25 21:17:17 - newOrigin: Value - [X=1.6383040885779836,Y=1.1471528727020921,Z=0]"
"197. 2025-02-25 21:17:17 - newOrigin: Value - [X=2.4574561328669753,Y=1.7207293090531381,Z=0]"
"198. 2025-02-25 21:17:18 - newOrigin: Value - [X=3.2766081771559672,Y=2.2943057454041842,Z=0]"
"199. 2025-02-25 21:17:18 - newOrigin: Value - [X=4.0957602214449587,Y=2.8678821817552302,Z=0]"
"200. 2025-02-25 21:17:19 - newOrigin: Value - [X=4.9149122657339506,Y=3.4414586181062763,Z=0]"
"201. 2025-02-25 21:17:19 - newOrigin: Value - [X=5.7340643100229425,Y=4.0150350544573223,Z=0]"
"202. 2025-02-25 21:17:20 - newOrigin: Value - [X=6.5532163543119344,Y=4.5886114908083684,Z=0]"
"203. 2025-02-25 21:17:21 - newOrigin: Value - [X=7.3723683986009263,Y=5.1621879271594144,Z=0]"
"204. 2025-02-25 21:17:21 - newOrigin: Value - [X=8.1915204428899173,Y=5.7357643635104605,Z=0]"
"205. 2025-02-25 21:17:22 - newOrigin: Value - [X=9.0106724871789101,Y=6.3093407998615065,Z=0]"
"206. 2025-02-25 21:17:22 - newOrigin: Value - [X=9.8298245314679011,Y=6.8829172362125526,Z=0]"
"207. 2025-02-25 21:17:23 - newOrigin: Value - [X=10.648976575756894,Y=7.4564936725635986,Z=0]"
"208. 2025-02-25 21:17:23 - newOrigin: Value - [X=11.468128620045885,Y=8.0300701089146447,Z=0]"
"209. 2025-02-25 21:17:24 - newOrigin: Value - [X=12.287280664334878,Y=8.6036465452656898,Z=0]"
"210. 2025-02-25 21:17:24 - newOrigin: Value - [X=13.106432708623869,Y=9.1772229816167368,Z=0]"
"211. 2025-02-25 21:17:25 - newOrigin: Value - [X=13.92558475291286,Y=9.7507994179677837,Z=0]"
"212. 2025-02-25 21:17:25 - newOrigin: Value - [X=14.744736797201853,Y=10.324375854318829,Z=0]"
"213. 2025-02-25 21:17:26 - newOrigin: Value - [X=15.563888841490844,Y=10.897952290669874,Z=0]"
"214. 2025-02-25 21:17:26 - newOrigin: Value - [X=16.383040885779835,Y=11.471528727020921,Z=0]"
"215. 2025-02-25 21:17:27 - newOrigin: Value - [X=17.202192930068829,Y=12.045105163371968,Z=0]"
"216. 2025-02-25 21:17:27 - newOrigin: Value - [X=18.02134497435782,Y=12.618681599723013,Z=0]"
"217. 2025-02-25 21:17:28 - newOrigin: Value - [X=18.840497018646811,Y=13.192258036074058,Z=0]"
"218. 2025-02-25 21:17:28 - newOrigin: Value - [X=19.659649062935802,Y=13.765834472425105,Z=0]"
"219. 2025-02-25 21:17:29 - newOrigin: Value - [X=20.478801107224793,Y=14.339410908776152,Z=0]"
"220. 2025-02-25 21:17:29 - newOrigin: Value - [X=21.297953151513788,Y=14.912987345127197,Z=0]"
"221. 2025-02-25 21:17:30 - newOrigin: Value - [X=22.117105195802779,Y=15.486563781478242,Z=0]"
"222. 2025-02-25 21:17:30 - newOrigin: Value - [X=22.93625724009177,Y=16.060140217829289,Z=0]"
"223. 2025-02-25 21:17:31 - newOrigin: Value - [X=23.755409284380761,Y=16.633716654180336,Z=0]"
"224. 2025-02-25 21:17:31 - newOrigin: Value - [X=24.574561328669756,Y=17.20729309053138,Z=0]"
"225. 2025-02-25 21:17:32 - newOrigin: Value - [X=25.393713372958747,Y=17.780869526882427,Z=0]"
"226. 2025-02-25 21:17:32 - newOrigin: Value - [X=26.212865417247738,Y=18.354445963233474,Z=0]"
"227. 2025-02-25 21:17:33 - newOrigin: Value - [X=27.032017461536729,Y=18.92802239958452,Z=0]"
"228. 2025-02-25 21:17:33 - newOrigin: Value - [X=27.85116950582572,Y=19.501598835935567,Z=0]"
"229. 2025-02-25 21:17:34 - newOrigin: Value - [X=28.670321550114714,Y=20.075175272286611,Z=0]"
"230. 2025-02-25 21:17:34 - newOrigin: Value - [X=29.489473594403705,Y=20.648751708637658,Z=0]"
"231. 2025-02-25 21:17:35 - newOrigin: Value - [X=30.308625638692696,Y=21.222328144988705,Z=0]"
"232. 2025-02-25 21:17:35 - newOrigin: Value - [X=31.127777682981687,Y=21.795904581339748,Z=0]"
"233. 2025-02-25 21:17:36 - newOrigin: Value - [X=31.946929727270682,Y=22.369481017690795,Z=0]"
"234. 2025-02-25 21:17:37 - newOrigin: Value - [X=32.766081771559669,Y=22.943057454041842,Z=0]"
"235. 2025-02-25 21:17:37 - newOrigin: Value - [X=33.58523381584866,Y=23.516633890392889,Z=0]"
"236. 2025-02-25 21:17:38 - newOrigin: Value - [X=34.404385860137658,Y=24.090210326743936,Z=0]"
"237. 2025-02-25 21:17:38 - newOrigin: Value - [X=35.223537904426649,Y=24.663786763094979,Z=0]"
"238. 2025-02-25 21:17:39 - newOrigin: Value - [X=36.04268994871564,Y=25.237363199446026,Z=0]"
"239. 2025-02-25 21:17:39 - newOrigin: Value - [X=36.861841993004631,Y=25.810939635797073,Z=0]"
"240. 2025-02-25 21:17:40 - newOrigin: Value - [X=37.680994037293623,Y=26.384516072148116,Z=0]"
"241. 2025-02-25 21:17:40 - newOrigin: Value - [X=38.500146081582614,Y=26.958092508499163,Z=0]"
"242. 2025-02-25 21:17:41 - newOrigin: Value - [X=39.319298125871605,Y=27.53166894485021,Z=0]"
"243. 2025-02-25 21:17:41 - newOrigin: Value - [X=40.138450170160596,Y=28.105245381201257,Z=0]"
"244. 2025-02-25 21:18:48 - newOrigin: Value - [X=0,Y=0,Z=0]"
"245. 2025-02-25 21:18:48 - newOrigin: Value - [X=0.8191520442889918,Y=0.57357643635104605,Z=0]"
"246. 2025-02-25 21:18:49 - newOrigin: Value - [X=2.4574561328669753,Y=1.7207293090531381,Z=0]"
"247. 2025-02-25 21:18:49 - newOrigin: Value - [X=4.9149122657339506,Y=3.4414586181062763,Z=0]"
"248. 2025-02-25 21:18:50 - newOrigin: Value - [X=8.1915204428899173,Y=5.7357643635104605,Z=0]"
"249. 2025-02-25 21:18:50 - newOrigin: Value - [X=12.287280664334876,Y=8.6036465452656898,Z=0]"
"250. 2025-02-25 21:18:51 - newOrigin: Value - [X=17.202192930068826,Y=12.045105163371966,Z=0]"
"251. 2025-02-25 21:18:51 - newOrigin: Value - [X=22.93625724009177,Y=16.060140217829289,Z=0]"
"252. 2025-02-25 21:18:52 - newOrigin: Value - [X=29.489473594403705,Y=20.648751708637658,Z=0]"
"253. 2025-02-25 21:18:52 - newOrigin: Value - [X=36.861841993004631,Y=25.810939635797073,Z=0]"
"254. 2025-02-25 21:18:53 - newOrigin: Value - [X=45.053362435894549,Y=31.546703999307532,Z=0]"
"255. 2025-02-25 21:18:53 - newOrigin: Value - [X=54.064034923073457,Y=37.856044799169041,Z=0]"
"256. 2025-02-25 21:18:54 - newOrigin: Value - [X=63.893859454541357,Y=44.73896203538159,Z=0]"
"257. 2025-02-25 21:18:54 - newOrigin: Value - [X=74.542836030298247,Y=52.195455707945186,Z=0]"
"258. 2025-02-25 21:18:55 - newOrigin: Value - [X=86.010964650344135,Y=60.225525816859829,Z=0]"
"259. 2025-02-25 21:18:55 - newOrigin: Value - [X=98.298245314679008,Y=68.829172362125519,Z=0]"
"260. 2025-02-25 21:18:56 - newOrigin: Value - [X=111.40467802330288,Y=78.006395343742255,Z=0]"
"261. 2025-02-25 21:18:56 - newOrigin: Value - [X=125.33026277621573,Y=87.757194761710039,Z=0]"
"262. 2025-02-25 21:18:57 - newOrigin: Value - [X=140.07499957341759,Y=98.08157061602887,Z=0]"
"263. 2025-02-25 21:18:57 - newOrigin: Value - [X=155.63888841490842,Y=108.97952290669875,Z=0]"
"264. 2025-02-25 21:18:58 - newOrigin: Value - [X=172.02192930068827,Y=120.45105163371967,Z=0]"
"265. 2025-02-25 21:18:58 - newOrigin: Value - [X=189.2241222307571,Y=132.49615679709163,Z=0]"
"266. 2025-02-25 21:18:59 - newOrigin: Value - [X=207.24546720511492,Y=145.11483839681463,Z=0]"
"267. 2025-02-25 21:18:59 - newOrigin: Value - [X=226.08596422376172,Y=158.3070964328887,Z=0]"
"268. 2025-02-25 21:19:00 - newOrigin: Value - [X=245.74561328669753,Y=172.0729309053138,Z=0]"
"269. 2025-02-25 21:19:00 - newOrigin: Value - [X=266.2244143939223,Y=186.41234181408996,Z=0]"
"270. 2025-02-25 21:19:01 - newOrigin: Value - [X=287.52236754543611,Y=201.32532915921715,Z=0]"
"271. 2025-02-25 21:19:02 - newOrigin: Value - [X=309.63947274123888,Y=216.8118929406954,Z=0]"
"272. 2025-02-25 21:19:02 - newOrigin: Value - [X=332.57572998133065,Y=232.87203315852469,Z=0]"
"273. 2025-02-25 21:19:03 - newOrigin: Value - [X=356.33113926571139,Y=249.50574981270503,Z=0]"
"274. 2025-02-25 21:19:03 - newOrigin: Value - [X=380.90570059438113,Y=266.71304290323644,Z=0]"
"275. 2025-02-25 21:19:04 - newOrigin: Value - [X=406.29941396733989,Y=284.49391243011888,Z=0]"
"276. 2025-02-25 21:19:04 - newOrigin: Value - [X=432.5122793845876,Y=302.84835839335233,Z=0]"
"277. 2025-02-25 21:19:05 - newOrigin: Value - [X=459.54429684612433,Y=321.77638079293683,Z=0]"
"278. 2025-02-25 21:19:05 - newOrigin: Value - [X=487.39546635195006,Y=341.2779796288724,Z=0]"
"279. 2025-02-25 21:19:06 - newOrigin: Value - [X=516.06578790206481,Y=361.35315490115903,Z=0]"
"280. 2025-02-25 21:19:06 - newOrigin: Value - [X=545.55526149646857,Y=382.00190660979666,Z=0]"
"281. 2025-02-25 21:19:07 - newOrigin: Value - [X=575.86388713516124,Y=403.22423475478536,Z=0]"
"282. 2025-02-25 21:19:07 - newOrigin: Value - [X=606.99166481814291,Y=425.02013933612511,Z=0]"
"283. 2025-02-25 21:19:08 - newOrigin: Value - [X=638.93859454541359,Y=447.38962035381593,Z=0]"
"284. 2025-02-25 21:19:08 - newOrigin: Value - [X=671.70467631697329,Y=470.33267780785775,Z=0]"
"285. 2025-02-25 21:19:09 - newOrigin: Value - [X=705.289910132822,Y=493.84931169825063,Z=0]"
"286. 2025-02-25 21:19:09 - newOrigin: Value - [X=739.69429599295961,Y=517.93952202499452,Z=0]"
"287. 2025-02-25 21:19:10 - newOrigin: Value - [X=774.91783389738623,Y=542.60330878808952,Z=0]"
"288. 2025-02-25 21:19:10 - newOrigin: Value - [X=810.96052384610186,Y=567.84067198753553,Z=0]"
"289. 2025-02-25 21:19:11 - newOrigin: Value - [X=847.82236583910651,Y=593.65161162333266,Z=0]"
"290. 2025-02-25 21:19:11 - newOrigin: Value - [X=885.50335987640017,Y=620.03612769548079,Z=0]"
"291. 2025-02-25 21:19:12 - newOrigin: Value - [X=924.00350595798272,Y=646.99422020397992,Z=0]"
"292. 2025-02-25 21:19:12 - newOrigin: Value - [X=963.32280408385429,Y=674.52588914883017,Z=0]"
"293. 2025-02-25 21:19:13 - newOrigin: Value - [X=1003.4612542540149,Y=702.63113453003143,Z=0]"
"294. 2025-02-25 21:19:47 - newOrigin: Value - [X=0,Y=0,Z=0]"
"295. 2025-02-25 21:19:48 - newOrigin: Value - [X=4.5315389351832494,Y=2.1130913087034973,Z=0]"
"296. 2025-02-25 21:19:48 - newOrigin: Value - [X=13.594616805549748,Y=6.3392739261104918,Z=0]"
"297. 2025-02-25 21:19:49 - newOrigin: Value - [X=27.189233611099496,Y=12.678547852220984,Z=0]"
"298. 2025-02-25 21:19:49 - newOrigin: Value - [X=45.315389351832494,Y=21.130913087034973,Z=0]"
"299. 2025-02-25 21:19:50 - newOrigin: Value - [X=67.97308402774874,Y=31.696369630552461,Z=0]"
"300. 2025-02-25 21:19:50 - newOrigin: Value - [X=95.162317638848236,Y=44.374917482773441,Z=0]"
"301. 2025-02-25 21:19:51 - newOrigin: Value - [X=126.88309018513098,Y=59.166556643697923,Z=0]"
"302. 2025-02-25 21:19:51 - newOrigin: Value - [X=163.13540166659698,Y=76.071287113325894,Z=0]"
"303. 2025-02-25 21:19:52 - newOrigin: Value - [X=203.91925208324622,Y=95.089108891657361,Z=0]"
